{
  "architecture": "input-normalized-block-mlp",
  "augmentation": "d-shell-permutation",
  "checkpoint": "checkpoints/fe_m5_block_mlp_b232.pt",
  "cross_validation": {
    "g_causality_rate": 0.0,
    "g_iw_mse_diag": 256457.43000926284,
    "g_max_positive_imag_eig": 191.6431222054066,
    "g_tau_mse_all_block": 105612.0703125,
    "g_tau_mse_diag": 528057.625,
    "occupation_mae": 355.0318908691406,
    "occupation_pred_mean": -2.264760732650757,
    "occupation_ref_mean": 5.769050598144531,
    "sigma_causality_rate": 0.0,
    "sigma_implied_vs_reference_mse_diag": 202264.37014981188,
    "sigma_implied_vs_siginp_plus_soo_mse_diag": 4328725861064.4224,
    "sigma_implied_vs_sigout_mse_diag": 1.0330754058886498e+22,
    "sigma_max_positive_imag_eig": 19618.542287041193
  },
  "dataset": "data/fe_tscan5000k_b232.npz",
  "final_train_loss": 13084.284423828125,
  "folds": [
    {
      "best_val_loss": 57727.63671875,
      "final_train_loss": 13202.106770833334,
      "fold": 0,
      "g_causality_rate": 0.0,
      "g_iw_mse_diag": 282156.30119990115,
      "g_max_positive_imag_eig": 0.049912948193314634,
      "g_tau_mse_all_block": 115455.2734375,
      "g_tau_mse_diag": 577276.375,
      "heldout_iteration_suffixes": [
        ".1.1",
        ".2.1",
        ".3.1",
        ".4.1"
      ],
      "n_train": 48,
      "n_val": 16,
      "occupation_mae": 389.19622802734375,
      "occupation_pred_mean": -0.0430581197142601,
      "occupation_ref_mean": 9.43364143371582,
      "sigma_causality_rate": 0.0,
      "sigma_implied_vs_reference_mse_diag": 47527.6238465225,
      "sigma_implied_vs_siginp_plus_soo_mse_diag": 4145559494547.321,
      "sigma_implied_vs_sigout_mse_diag": 1.0255261524098674e+22,
      "sigma_max_positive_imag_eig": 1630.2153320098935
    },
    {
      "best_val_loss": 47776.09765625,
      "final_train_loss": 14545.014322916666,
      "fold": 1,
      "g_causality_rate": 0.0,
      "g_iw_mse_diag": 225476.63751528706,
      "g_max_positive_imag_eig": 0.14107971943848077,
      "g_tau_mse_all_block": 95552.2109375,
      "g_tau_mse_diag": 477761.0625,
      "heldout_iteration_suffixes": [
        ".5.1",
        ".6.1",
        ".7.1",
        ".8.1"
      ],
      "n_train": 48,
      "n_val": 16,
      "occupation_mae": 343.80853271484375,
      "occupation_pred_mean": 0.007243520580232143,
      "occupation_ref_mean": 14.734881401062012,
      "sigma_causality_rate": 0.0,
      "sigma_implied_vs_reference_mse_diag": 445934.67534202494,
      "sigma_implied_vs_siginp_plus_soo_mse_diag": 4425620970462.055,
      "sigma_implied_vs_sigout_mse_diag": 1.0335710269838742e+22,
      "sigma_max_positive_imag_eig": 1625.836352871368
    },
    {
      "best_val_loss": 48030.5546875,
      "final_train_loss": 14281.812174479166,
      "fold": 2,
      "g_causality_rate": 0.0,
      "g_iw_mse_diag": 237900.87345188996,
      "g_max_positive_imag_eig": 0.6183314780133728,
      "g_tau_mse_all_block": 96061.1171875,
      "g_tau_mse_diag": 480305.53125,
      "heldout_iteration_suffixes": [
        ".9.1",
        ".10.1",
        ".11.1",
        ".12.1"
      ],
      "n_train": 48,
      "n_val": 16,
      "occupation_mae": 305.348876953125,
      "occupation_pred_mean": 0.10058243572711945,
      "occupation_ref_mean": -21.682273864746094,
      "sigma_causality_rate": 0.0,
      "sigma_implied_vs_reference_mse_diag": 310881.80045139283,
      "sigma_implied_vs_siginp_plus_soo_mse_diag": 4379832469925.1636,
      "sigma_implied_vs_sigout_mse_diag": 1.0361727848430625e+22,
      "sigma_max_positive_imag_eig": 19618.542287041193
    },
    {
      "best_val_loss": 57689.85546875,
      "final_train_loss": 12107.0595703125,
      "fold": 3,
      "g_causality_rate": 0.0,
      "g_iw_mse_diag": 280295.90786997305,
      "g_max_positive_imag_eig": 191.6431222054066,
      "g_tau_mse_all_block": 115379.6953125,
      "g_tau_mse_diag": 576887.5,
      "heldout_iteration_suffixes": [
        ".13.1",
        ".14.1",
        ".15.1",
        "current"
      ],
      "n_train": 48,
      "n_val": 16,
      "occupation_mae": 381.77386474609375,
      "occupation_pred_mean": -9.123808860778809,
      "occupation_ref_mean": 20.589954376220703,
      "sigma_causality_rate": 0.0,
      "sigma_implied_vs_reference_mse_diag": 4713.380959307196,
      "sigma_implied_vs_siginp_plus_soo_mse_diag": 4363890509323.152,
      "sigma_implied_vs_sigout_mse_diag": 1.0370316593177945e+22,
      "sigma_max_positive_imag_eig": 248.9536026705137
    }
  ],
  "n_labels": 64,
  "n_tau": 29,
  "orbital_dim": 5,
  "scalar_names": [
    "U",
    "mu_over_U",
    "beta",
    "J"
  ]
}
