{
  "architecture": "input-normalized-block-mlp",
  "augmentation": "none",
  "checkpoint": "checkpoints/fe_m5_block_mlp_b232_noaug.pt",
  "cross_validation": {
    "g_causality_rate": 0.0,
    "g_iw_mse_diag": 255395.97206449212,
    "g_max_positive_imag_eig": 136.46595762642556,
    "g_tau_mse_all_block": 105020.5546875,
    "g_tau_mse_diag": 525098.9375,
    "occupation_mae": 360.0013732910156,
    "occupation_pred_mean": -0.4795539975166321,
    "occupation_ref_mean": 5.769050598144531,
    "sigma_causality_rate": 0.0,
    "sigma_implied_vs_reference_mse_diag": 8566.271954174339,
    "sigma_implied_vs_siginp_plus_soo_mse_diag": 4328728680514.088,
    "sigma_implied_vs_sigout_mse_diag": 1.0330754058738737e+22,
    "sigma_max_positive_imag_eig": 5801.002290336526
  },
  "dataset": "data/fe_tscan5000k_b232.npz",
  "final_train_loss": 93.28537940979004,
  "folds": [
    {
      "best_val_loss": 57724.74609375,
      "final_train_loss": 11.594672044118246,
      "fold": 0,
      "g_causality_rate": 0.0,
      "g_iw_mse_diag": 282114.20928545896,
      "g_max_positive_imag_eig": 15.440769881613521,
      "g_tau_mse_all_block": 115449.4921875,
      "g_tau_mse_diag": 577247.25,
      "heldout_iteration_suffixes": [
        ".1.1",
        ".2.1",
        ".3.1",
        ".4.1"
      ],
      "n_train": 48,
      "n_val": 16,
      "occupation_mae": 389.70477294921875,
      "occupation_pred_mean": 1.5758591890335083,
      "occupation_ref_mean": 9.43364143371582,
      "sigma_causality_rate": 0.0,
      "sigma_implied_vs_reference_mse_diag": 4522.48708767579,
      "sigma_implied_vs_siginp_plus_soo_mse_diag": 4145569972385.998,
      "sigma_implied_vs_sigout_mse_diag": 1.025526152366026e+22,
      "sigma_max_positive_imag_eig": 346.0960467370363
    },
    {
      "best_val_loss": 47232.64453125,
      "final_train_loss": 31.26353581746419,
      "fold": 1,
      "g_causality_rate": 0.0,
      "g_iw_mse_diag": 223668.56584410305,
      "g_max_positive_imag_eig": 99.54585454678735,
      "g_tau_mse_all_block": 94465.2890625,
      "g_tau_mse_diag": 472317.53125,
      "heldout_iteration_suffixes": [
        ".5.1",
        ".6.1",
        ".7.1",
        ".8.1"
      ],
      "n_train": 48,
      "n_val": 16,
      "occupation_mae": 350.64019775390625,
      "occupation_pred_mean": 3.1655993461608887,
      "occupation_ref_mean": 14.734881401062012,
      "sigma_causality_rate": 0.0,
      "sigma_implied_vs_reference_mse_diag": 4470.1163295902825,
      "sigma_implied_vs_siginp_plus_soo_mse_diag": 4425622088261.992,
      "sigma_implied_vs_sigout_mse_diag": 1.0335710269694722e+22,
      "sigma_max_positive_imag_eig": 1001.3717426741891
    },
    {
      "best_val_loss": 47502.3984375,
      "final_train_loss": 18.29253164927165,
      "fold": 2,
      "g_causality_rate": 0.0,
      "g_iw_mse_diag": 236242.0706434064,
      "g_max_positive_imag_eig": 88.53739012531491,
      "g_tau_mse_all_block": 95004.796875,
      "g_tau_mse_diag": 475020.96875,
      "heldout_iteration_suffixes": [
        ".9.1",
        ".10.1",
        ".11.1",
        ".12.1"
      ],
      "n_train": 48,
      "n_val": 16,
      "occupation_mae": 314.34857177734375,
      "occupation_pred_mean": 2.170807361602783,
      "occupation_ref_mean": -21.682273864746094,
      "sigma_causality_rate": 0.0,
      "sigma_implied_vs_reference_mse_diag": 20473.787206512447,
      "sigma_implied_vs_siginp_plus_soo_mse_diag": 4379832152620.108,
      "sigma_implied_vs_sigout_mse_diag": 1.0361727848422192e+22,
      "sigma_max_positive_imag_eig": 5801.002290336526
    },
    {
      "best_val_loss": 57581.3125,
      "final_train_loss": 56.462259928385414,
      "fold": 3,
      "g_causality_rate": 0.0,
      "g_iw_mse_diag": 279559.042485,
      "g_max_positive_imag_eig": 136.46595762642556,
      "g_tau_mse_all_block": 115162.640625,
      "g_tau_mse_diag": 575810.0,
      "heldout_iteration_suffixes": [
        ".13.1",
        ".14.1",
        ".15.1",
        "current"
      ],
      "n_train": 48,
      "n_val": 16,
      "occupation_mae": 385.31182861328125,
      "occupation_pred_mean": -8.830482482910156,
      "occupation_ref_mean": 20.589954376220703,
      "sigma_causality_rate": 0.0,
      "sigma_implied_vs_reference_mse_diag": 4798.697192918847,
      "sigma_implied_vs_siginp_plus_soo_mse_diag": 4363890508788.2554,
      "sigma_implied_vs_sigout_mse_diag": 1.037031659317777e+22,
      "sigma_max_positive_imag_eig": 216.35188685823502
    }
  ],
  "n_labels": 64,
  "n_tau": 29,
  "orbital_dim": 5,
  "scalar_names": [
    "U",
    "mu_over_U",
    "beta",
    "J"
  ]
}
