{
  "architecture": "input-normalized-block-mlp",
  "augmentation": "none",
  "checkpoint": "checkpoints/fe_m5_block_mlp_warm_v2.pt",
  "cross_validation": {
    "g_causality_rate": 0.0,
    "g_iw_mse_diag": 269414.12389847764,
    "g_max_positive_imag_eig": 179.3966244115256,
    "g_tau_mse_all_block": 110569.1953125,
    "g_tau_mse_diag": 552844.75,
    "occupation_mae": 368.14019775390625,
    "occupation_pred_mean": 7.447105407714844,
    "occupation_ref_mean": 11.035493850708008,
    "sigma_causality_rate": 0.0,
    "sigma_implied_vs_reference_mse_diag": 37883.51982292043,
    "sigma_implied_vs_siginp_plus_soo_mse_diag": 4328357189482.2153,
    "sigma_implied_vs_sigout_mse_diag": 1.029306792343556e+22,
    "sigma_max_positive_imag_eig": 6751.872745064639
  },
  "dataset": "data/fe_warm_v2.npz",
  "final_train_loss": 47.185432021682324,
  "folds": [
    {
      "best_val_loss": 55669.52421875,
      "final_train_loss": 97.52134732846861,
      "fold": 0,
      "g_causality_rate": 0.0,
      "g_iw_mse_diag": 272334.50995811,
      "g_max_positive_imag_eig": 179.3966244115256,
      "g_tau_mse_all_block": 111339.046875,
      "g_tau_mse_diag": 556690.5625,
      "heldout_iteration_suffixes": [
        "data/raw_tscan5000k_v3:.1.1",
        "data/raw_tscan5000k_v3:.10.1",
        "data/raw_tscan5000k_v3:.11.1",
        "data/raw_tscan5000k_v3:.12.1",
        "data/raw_tscan5000k_v3:.13.1",
        "data/raw_tscan5000k_v3:.14.1",
        "data/raw_tscan5000k_v3:.15.1",
        "data/raw_tscan5000k_v3:.2.1",
        "data/raw_tscan5000k_v3:.3.1",
        "data/raw_tscan5000k_v3:.4.1"
      ],
      "n_train": 108,
      "n_val": 40,
      "occupation_mae": 360.6080322265625,
      "occupation_pred_mean": 26.956090927124023,
      "occupation_ref_mean": 5.835014820098877,
      "sigma_causality_rate": 0.0,
      "sigma_implied_vs_reference_mse_diag": 3776.4074801285064,
      "sigma_implied_vs_siginp_plus_soo_mse_diag": 4289231482672.6885,
      "sigma_implied_vs_sigout_mse_diag": 1.032214193327543e+22,
      "sigma_max_positive_imag_eig": 181.9199888338802
    },
    {
      "best_val_loss": 49506.878038194445,
      "final_train_loss": 127.30515834263393,
      "fold": 1,
      "g_causality_rate": 0.0,
      "g_iw_mse_diag": 239394.34677891745,
      "g_max_positive_imag_eig": 0.09250514681149519,
      "g_tau_mse_all_block": 99013.7578125,
      "g_tau_mse_diag": 495068.75,
      "heldout_iteration_suffixes": [
        "data/raw_tscan5000k_v3:.5.1",
        "data/raw_tscan5000k_v3:.6.1",
        "data/raw_tscan5000k_v3:.7.1",
        "data/raw_tscan5000k_v3:.8.1",
        "data/raw_tscan5000k_v3:.9.1",
        "data/raw_tscan5000k_v3:current",
        "data/raw_tscan_5000k_pert1:.1.1",
        "data/raw_tscan_5000k_pert1:.10.1",
        "data/raw_tscan_5000k_pert1:.11.1"
      ],
      "n_train": 112,
      "n_val": 36,
      "occupation_mae": 344.6897888183594,
      "occupation_pred_mean": 0.006642791908234358,
      "occupation_ref_mean": -9.348140716552734,
      "sigma_causality_rate": 0.0,
      "sigma_implied_vs_reference_mse_diag": 102275.67211151862,
      "sigma_implied_vs_siginp_plus_soo_mse_diag": 4464883548467.238,
      "sigma_implied_vs_sigout_mse_diag": 1.032016861137152e+22,
      "sigma_max_positive_imag_eig": 6751.872745064639
    },
    {
      "best_val_loss": 58833.352430555555,
      "final_train_loss": 20.585686547415598,
      "fold": 2,
      "g_causality_rate": 0.0,
      "g_iw_mse_diag": 288943.1601891555,
      "g_max_positive_imag_eig": 12.25829507655202,
      "g_tau_mse_all_block": 117666.7109375,
      "g_tau_mse_diag": 588333.5,
      "heldout_iteration_suffixes": [
        "data/raw_tscan_5000k_pert1:.12.1",
        "data/raw_tscan_5000k_pert1:.13.1",
        "data/raw_tscan_5000k_pert1:.14.1",
        "data/raw_tscan_5000k_pert1:.15.1",
        "data/raw_tscan_5000k_pert1:.16.1",
        "data/raw_tscan_5000k_pert1:.17.1",
        "data/raw_tscan_5000k_pert1:.18.1",
        "data/raw_tscan_5000k_pert1:.19.1",
        "data/raw_tscan_5000k_pert1:.2.1"
      ],
      "n_train": 112,
      "n_val": 36,
      "occupation_mae": 377.27557373046875,
      "occupation_pred_mean": 0.6169557571411133,
      "occupation_ref_mean": 25.650768280029297,
      "sigma_causality_rate": 0.0,
      "sigma_implied_vs_reference_mse_diag": 6167.633398502225,
      "sigma_implied_vs_siginp_plus_soo_mse_diag": 4427874052477.882,
      "sigma_implied_vs_sigout_mse_diag": 1.0261346402951544e+22,
      "sigma_max_positive_imag_eig": 1209.9280727020048
    },
    {
      "best_val_loss": 57085.869791666664,
      "final_train_loss": 45.65227781023298,
      "fold": 3,
      "g_causality_rate": 0.0,
      "g_iw_mse_diag": 276659.99132776837,
      "g_max_positive_imag_eig": 0.5040250672172084,
      "g_tau_mse_all_block": 114171.7421875,
      "g_tau_mse_diag": 570858.6875,
      "heldout_iteration_suffixes": [
        "data/raw_tscan_5000k_pert1:.20.1",
        "data/raw_tscan_5000k_pert1:.3.1",
        "data/raw_tscan_5000k_pert1:.4.1",
        "data/raw_tscan_5000k_pert1:.5.1",
        "data/raw_tscan_5000k_pert1:.6.1",
        "data/raw_tscan_5000k_pert1:.7.1",
        "data/raw_tscan_5000k_pert1:.8.1",
        "data/raw_tscan_5000k_pert1:.9.1",
        "data/raw_tscan_5000k_pert1:current"
      ],
      "n_train": 112,
      "n_val": 36,
      "occupation_mae": 390.8241271972656,
      "occupation_pred_mean": 0.041069090366363525,
      "occupation_ref_mean": 22.58216094970703,
      "sigma_causality_rate": 0.0,
      "sigma_implied_vs_reference_mse_diag": 43104.04545073151,
      "sigma_implied_vs_siginp_plus_soo_mse_diag": 4135786975067.6665,
      "sigma_implied_vs_sigout_mse_diag": 1.0265384300605975e+22,
      "sigma_max_positive_imag_eig": 1509.9918087075114
    }
  ],
  "n_labels": 148,
  "n_tau": 29,
  "orbital_dim": 5,
  "scalar_names": [
    "U",
    "mu_over_U",
    "beta",
    "J"
  ]
}
